{"Unknown": [25.47511113905864, 25.784498950362536, 25.048448291295696, 25.51201563108987, 26.338341625584054, 29.56141676119762, 28.8516554317421, 29.013848858515324], "Male": [13.687640939315202, 13.562717980139858, 12.892879141706434, 12.034302216784056, 11.418768217935407, 11.374841446976989, 11.42409758046527, 13.567206813727156], "Female": [16.387319486728746, 16.048823645709767, 15.175257900334246, 14.145581715142315, 13.59144495778238, 13.180622389541307, 13.462817769983925, 16.522684571309178]}